{
  "id": "4034336",
  "name": "in",
  "font_family": "iconfont",
  "css_prefix_text": "icon-",
  "description": "",
  "glyphs": [
    {
      "icon_id": "1135845",
      "name": "设置",
      "font_class": "shezhi",
      "unicode": "e608",
      "unicode_decimal": 58888
    },
    {
      "icon_id": "1350621",
      "name": "message",
      "font_class": "message",
      "unicode": "e604",
      "unicode_decimal": 58884
    },
    {
      "icon_id": "35147640",
      "name": "28.icon_menu",
      "font_class": "a-28icon_menu",
      "unicode": "e687",
      "unicode_decimal": 59015
    },
    {
      "icon_id": "720794",
      "name": "验证码 ",
      "font_class": "yanzhengma2",
      "unicode": "e656",
      "unicode_decimal": 58966
    },
    {
      "icon_id": "831573",
      "name": "password",
      "font_class": "password",
      "unicode": "e61d",
      "unicode_decimal": 58909
    },
    {
      "icon_id": "1311634",
      "name": "账户",
      "font_class": "zhanghu",
      "unicode": "e60e",
      "unicode_decimal": 58894
    }
  ]
}
